mean,std
0.49430165816326493,0.2527964897943661
